Year,region,crop,price_fcfa_kg,price_usd_t,price_usd_kg,implied_fcfa_per_usd
2015,Maritime,maïs,190.6,317.6,0.31760000000000005,600.1259445843829
2016,Maritime,maïs,209.3,348.8,0.3488,600.0573394495412
2017,Maritime,maïs,202.8,338.0,0.338,600.0
2018,Maritime,maïs,208.6,347.6,0.3476,600.115074798619
2019,Maritime,maïs,232.4,387.4,0.38739999999999997,599.8967475477543
2020,Maritime,maïs,227.2,378.6,0.37860000000000005,600.1056524035921
2021,Maritime,maïs,213.5,355.9,0.3559,599.8876088788986
2022,Maritime,maïs,248.5,414.2,0.4142,599.9517141477547
2023,Maritime,maïs,243.9,406.5,0.4065,600.0
2024,Maritime,maïs,260.9,434.8,0.4348,600.0459981600735
2025,Maritime,maïs,258.0,430.0,0.43,600.0
2026,Maritime,maïs,253.5,422.5,0.4225,600.0
2027,Maritime,maïs,263.0,438.3,0.4383,600.0456308464522
2028,Maritime,maïs,279.1,465.2,0.4652,599.9570077386071
2029,Maritime,maïs,298.7,497.8,0.4978,600.0401767778224
2030,Maritime,maïs,267.1,445.1,0.4451,600.0898674455178
2015,Maritime,riz_paddy,265.7,442.9,0.44289999999999996,599.9096861594039
2016,Maritime,riz_paddy,298.1,496.8,0.4968,600.0402576489533
2017,Maritime,riz_paddy,293.9,489.8,0.4898,600.0408329930584
2018,Maritime,riz_paddy,308.3,513.8,0.5137999999999999,600.0389256520048
2019,Maritime,riz_paddy,326.6,544.3,0.5443,600.0367444424031
2020,Maritime,riz_paddy,293.5,489.2,0.48919999999999997,599.9591169255929
2021,Maritime,riz_paddy,334.7,557.9,0.5579,599.9283025631834
2022,Maritime,riz_paddy,336.0,559.9,0.5599,600.1071619932131
2023,Maritime,riz_paddy,363.8,606.4,0.6063999999999999,599.934036939314
2024,Maritime,riz_paddy,337.8,562.9,0.5629,600.1065908687156
2025,Maritime,riz_paddy,339.8,566.3,0.5662999999999999,600.0353169698041
2026,Maritime,riz_paddy,350.7,584.5,0.5845,600.0
2027,Maritime,riz_paddy,357.0,595.1,0.5951000000000001,599.8991766089732
2028,Maritime,riz_paddy,361.6,602.6,0.6026,600.0663790242284
2029,Maritime,riz_paddy,387.2,645.4,0.6454,599.9380229315153
2030,Maritime,riz_paddy,402.7,671.1,0.6711,600.0596036358218
2015,Maritime,sorgho,201.2,335.3,0.3353,600.0596480763495
2016,Maritime,sorgho,187.6,312.6,0.31260000000000004,600.1279590531029
2017,Maritime,sorgho,207.0,344.9,0.3449,600.1739634676718
2018,Maritime,sorgho,196.3,327.1,0.3271,600.122286762458
2019,Maritime,sorgho,232.2,387.0,0.387,600.0
2020,Maritime,sorgho,236.3,393.9,0.3939,599.8984513835999
2021,Maritime,sorgho,243.1,405.2,0.4052,599.9506416584403
2022,Maritime,sorgho,249.0,415.1,0.4151,599.855456516502
2023,Maritime,sorgho,242.6,404.3,0.4043,600.0494682166708
2024,Maritime,sorgho,262.3,437.1,0.43710000000000004,600.091512239762
2025,Maritime,sorgho,239.0,398.3,0.3983,600.0502134069797
2026,Maritime,sorgho,273.7,456.2,0.4562,599.956159579132
2027,Maritime,sorgho,254.0,423.3,0.4233,600.0472478147885
2028,Maritime,sorgho,264.3,440.5,0.4405,600.0
2029,Maritime,sorgho,259.9,433.1,0.43310000000000004,600.0923574232278
2030,Maritime,sorgho,277.9,463.2,0.4632,599.9568221070812
2015,Maritime,mil,206.8,344.6,0.3446,600.1160766105629
2016,Maritime,mil,218.6,364.4,0.3644,599.8902305159166
2017,Maritime,mil,238.0,396.7,0.3967,599.9495840685656
2018,Maritime,mil,230.2,383.6,0.3836,600.104275286757
2019,Maritime,mil,230.7,384.4,0.38439999999999996,600.156087408949
2020,Maritime,mil,249.0,415.1,0.4151,599.855456516502
2021,Maritime,mil,243.8,406.3,0.4063,600.0492247108048
2022,Maritime,mil,265.7,442.8,0.4428,600.0451671183379
2023,Maritime,mil,281.1,468.5,0.4685,600.0
2024,Maritime,mil,260.3,433.9,0.43389999999999995,599.907812860106
2025,Maritime,mil,277.7,462.9,0.4629,599.9135882480017
2026,Maritime,mil,298.6,497.7,0.4977,599.9598151496886
2027,Maritime,mil,300.9,501.5,0.5015,600.0
2028,Maritime,mil,294.0,489.9,0.4899,600.1224739742805
2029,Maritime,mil,339.7,566.1,0.5661,600.0706588941882
2030,Maritime,mil,315.3,525.5,0.5255,600.0
2015,Maritime,manioc,118.3,197.1,0.1971,600.2029426686961
2016,Maritime,manioc,111.7,186.2,0.18619999999999998,599.8925886143932
2017,Maritime,manioc,114.4,190.6,0.1906,600.2098635886674
2018,Maritime,manioc,120.2,200.3,0.2003,600.099850224663
2019,Maritime,manioc,135.7,226.1,0.2261,600.1769128704113
2020,Maritime,manioc,128.9,214.9,0.2149,599.8138669148441
2021,Maritime,manioc,147.4,245.7,0.2457,599.9185999186
2022,Maritime,manioc,141.0,234.9,0.2349,600.2554278416347
2023,Maritime,manioc,154.3,257.2,0.2572,599.9222395023328
2024,Maritime,manioc,152.1,253.5,0.2535,600.0
2025,Maritime,manioc,147.0,245.1,0.24509999999999998,599.7552019583843
2026,Maritime,manioc,160.3,267.1,0.2671,600.1497566454511
2027,Maritime,manioc,163.6,272.7,0.2727,599.9266593325999
2028,Maritime,manioc,175.3,292.1,0.2921,600.1369394043136
2029,Maritime,manioc,170.4,284.1,0.2841,599.7888067581837
2030,Maritime,manioc,185.0,308.3,0.3083,600.0648718780409
2015,Maritime,igname,192.2,320.3,0.32030000000000003,600.0624414611302
2016,Maritime,igname,197.4,329.1,0.3291,599.8176845943482
2017,Maritime,igname,221.7,369.5,0.3695,600.0
2018,Maritime,igname,226.8,378.0,0.378,600.0
2019,Maritime,igname,235.4,392.3,0.39230000000000004,600.050981391792
2020,Maritime,igname,215.8,359.7,0.35969999999999996,599.9443981095358
2021,Maritime,igname,218.0,363.3,0.3633,600.055050922103
2022,Maritime,igname,256.4,427.4,0.4274,599.9064108563406
2023,Maritime,igname,252.4,420.7,0.42069999999999996,599.9524601854052
2024,Maritime,igname,257.5,429.2,0.42919999999999997,599.9534016775397
2025,Maritime,igname,241.2,402.1,0.4021,599.8507833872171
2026,Maritime,igname,268.6,447.6,0.4476,600.0893655049151
2027,Maritime,igname,281.5,469.2,0.4692,599.9573742540495
2028,Maritime,igname,258.9,431.4,0.43139999999999995,600.1390820584144
2029,Maritime,igname,297.5,495.8,0.4958,600.0403388463089
2030,Maritime,igname,309.0,515.0,0.515,600.0
2015,Maritime,soja,220.2,366.9,0.3669,600.1635322976288
2016,Maritime,soja,233.2,388.7,0.3887,599.9485464368407
2017,Maritime,soja,249.2,415.4,0.4154,599.9037072701011
2018,Maritime,soja,235.7,392.8,0.39280000000000004,600.050916496945
2019,Maritime,soja,259.9,433.1,0.43310000000000004,600.0923574232278
2020,Maritime,soja,243.7,406.2,0.4062,599.9507631708518
2021,Maritime,soja,262.4,437.3,0.4373,600.0457351932312
2022,Maritime,soja,261.8,436.4,0.43639999999999995,599.9083409715857
2023,Maritime,soja,272.3,453.9,0.45389999999999997,599.9118748623046
2024,Maritime,soja,279.8,466.3,0.4663,600.042890842805
2025,Maritime,soja,284.4,474.1,0.4741,599.8734444210082
2026,Maritime,soja,282.1,470.2,0.4702,599.9574649085496
2027,Maritime,soja,321.3,535.5,0.5355,600.0
2028,Maritime,soja,300.3,500.6,0.5006,599.8801438274071
2029,Maritime,soja,316.4,527.4,0.5274,599.9241562381494
2030,Maritime,soja,300.1,500.1,0.5001,600.0799840031993
2015,Maritime,arachide,291.1,485.1,0.48510000000000003,600.0824572253143
2016,Maritime,arachide,294.4,490.7,0.49069999999999997,599.9592418993275
2017,Maritime,arachide,310.4,517.4,0.5174,599.9226903749517
2018,Maritime,arachide,341.1,568.5,0.5685,600.0
2019,Maritime,arachide,328.4,547.3,0.5473,600.0365430294172
2020,Maritime,arachide,371.7,619.5,0.6195,600.0
2021,Maritime,arachide,382.7,637.8,0.6377999999999999,600.0313577924114
2022,Maritime,arachide,368.2,613.7,0.6137,599.9674107870294
2023,Maritime,arachide,390.9,651.5,0.6515,600.0
2024,Maritime,arachide,390.6,651.0,0.651,600.0
2025,Maritime,arachide,399.7,666.2,0.6662,599.9699789852897
2026,Maritime,arachide,426.6,711.0,0.711,600.0
2027,Maritime,arachide,420.0,699.9,0.6999,600.0857265323618
2028,Maritime,arachide,420.9,701.5,0.7015,600.0
2029,Maritime,arachide,431.2,718.7,0.7187,599.972171977181
2030,Maritime,arachide,424.5,707.5,0.7075,600.0
2015,Maritime,palme,83.1,138.5,0.1385,600.0
2016,Maritime,palme,84.5,140.9,0.1409,599.7161107168204
2017,Maritime,palme,80.8,134.7,0.1347,599.8515219005197
2018,Maritime,palme,91.1,151.8,0.15180000000000002,600.1317523056653
2019,Maritime,palme,93.5,155.8,0.15580000000000002,600.1283697047496
2020,Maritime,palme,94.7,157.8,0.15780000000000002,600.126742712294
2021,Maritime,palme,90.9,151.5,0.1515,600.0
2022,Maritime,palme,90.6,151.0,0.151,600.0
2023,Maritime,palme,99.5,165.8,0.1658,600.1206272617611
2024,Maritime,palme,103.9,173.2,0.1732,599.8845265588915
2025,Maritime,palme,102.1,170.1,0.1701,600.2351557907114
2026,Maritime,palme,99.9,166.5,0.1665,600.0
2027,Maritime,palme,100.7,167.8,0.1678,600.1191895113229
2028,Maritime,palme,115.2,191.9,0.19190000000000002,600.3126628452319
2029,Maritime,palme,118.1,196.9,0.19690000000000002,599.7968511934993
2030,Maritime,palme,113.1,188.5,0.1885,600.0
2015,Maritime,coton,231.4,385.7,0.3857,599.9481462276381
2016,Maritime,coton,254.7,424.4,0.4244,600.1413760603205
2017,Maritime,coton,249.1,415.1,0.4151,600.096362322332
2018,Maritime,coton,236.0,393.3,0.39330000000000004,600.0508517670988
2019,Maritime,coton,247.1,411.8,0.4118,600.0485672656629
2020,Maritime,coton,275.4,459.0,0.459,600.0
2021,Maritime,coton,259.2,432.1,0.43210000000000004,599.8611432538764
2022,Maritime,coton,299.6,499.4,0.49939999999999996,599.9199038846616
2023,Maritime,coton,278.1,463.6,0.4636,599.8705780845556
2024,Maritime,coton,299.2,498.6,0.49860000000000004,600.0802246289611
2025,Maritime,coton,309.6,516.1,0.5161,599.8837434605696
2026,Maritime,coton,304.3,507.1,0.5071,600.0788799053441
2027,Maritime,coton,317.3,528.8,0.5287999999999999,600.0378214826022
2028,Maritime,coton,350.5,584.2,0.5842,599.9657651489216
2029,Maritime,coton,357.6,596.1,0.5961000000000001,599.8993457473578
2030,Maritime,coton,337.1,561.8,0.5618,600.0355998576006
2015,Maritime,noix_de_cajou,375.6,626.0,0.626,600.0
2016,Maritime,noix_de_cajou,366.5,610.8,0.6108,600.0327439423708
2017,Maritime,noix_de_cajou,370.7,617.8,0.6177999999999999,600.0323729362253
2018,Maritime,noix_de_cajou,395.2,658.7,0.6587000000000001,599.9696371641111
2019,Maritime,noix_de_cajou,394.1,656.9,0.6568999999999999,599.939107931192
2020,Maritime,noix_de_cajou,405.3,675.5,0.6755,600.0
2021,Maritime,noix_de_cajou,403.4,672.4,0.6724,599.940511600238
2022,Maritime,noix_de_cajou,420.5,700.9,0.7009,599.9429305179056
2023,Maritime,noix_de_cajou,441.1,735.2,0.7352000000000001,599.9727965179543
2024,Maritime,noix_de_cajou,461.5,769.2,0.7692,599.9739989599584
2025,Maritime,noix_de_cajou,435.7,726.2,0.7262000000000001,599.9724593775819
2026,Maritime,noix_de_cajou,467.0,778.3,0.7783,600.0256970319929
2027,Maritime,noix_de_cajou,509.2,848.6,0.8486,600.0471364600519
2028,Maritime,noix_de_cajou,473.7,789.4,0.7894,600.0760070939955
2029,Maritime,noix_de_cajou,537.2,895.3,0.8953,600.0223388808221
2030,Maritime,noix_de_cajou,506.3,843.8,0.8438,600.0237022991231
2015,Maritime,café,591.0,984.9,0.9849,600.0609198903442
2016,Maritime,café,636.6,1061.0,1.061,600.0
2017,Maritime,café,647.4,1078.9,1.0789000000000002,600.0556121976086
2018,Maritime,café,652.8,1088.0,1.088,600.0
2019,Maritime,café,670.3,1117.1,1.1171,600.0358070002686
2020,Maritime,café,749.6,1249.4,1.2494,599.9679846326236
2021,Maritime,café,683.1,1138.6,1.1385999999999998,599.947303706306
2022,Maritime,café,756.4,1260.6,1.2606,600.0317309217833
2023,Maritime,café,739.4,1232.3,1.2323,600.0162298141687
2024,Maritime,café,841.6,1402.7,1.4027,599.9857417837028
2025,Maritime,café,875.8,1459.7,1.4597,599.9862985544975
2026,Maritime,café,860.8,1434.7,1.4347,599.9860598034433
2027,Maritime,café,905.7,1509.5,1.5095,600.0
2028,Maritime,café,852.9,1421.6,1.4216,599.9577940348903
2029,Maritime,café,869.0,1448.3,1.4483,600.0138092936546
2030,Maritime,café,958.9,1598.2,1.5982,599.9874859216618
2015,Maritime,cacao,735.4,1225.7,1.2257,599.9836827935057
2016,Maritime,cacao,856.2,1427.0,1.427,600.0
2017,Maritime,cacao,789.9,1316.5,1.3165,600.0
2018,Maritime,cacao,820.2,1366.9,1.3669,600.0438949447655
2019,Maritime,cacao,934.4,1557.4,1.5574000000000001,599.9743161679722
2020,Maritime,cacao,832.0,1386.6,1.3865999999999998,600.0288475407472
2021,Maritime,cacao,977.1,1628.5,1.6285,600.0
2022,Maritime,cacao,1025.6,1709.3,1.7093,600.0117006961914
2023,Maritime,cacao,1000.6,1667.6,1.6676,600.0239865675222
2024,Maritime,cacao,1012.9,1688.2,1.6882000000000001,599.9881530624333
2025,Maritime,cacao,1066.2,1777.0,1.777,600.0
2026,Maritime,cacao,1059.4,1765.6,1.7655999999999998,600.0226551880381
2027,Maritime,cacao,1106.3,1843.9,1.8439,599.9783068496122
2028,Maritime,cacao,1066.8,1778.0,1.778,600.0
2029,Maritime,cacao,1128.5,1880.9,1.8809,599.9787335849859
2030,Maritime,cacao,1225.7,2042.9,2.0429,599.980419991189
2015,Plateaux,maïs,177.7,296.2,0.29619999999999996,599.932478055368
2016,Plateaux,maïs,184.5,307.5,0.3075,600.0
2017,Plateaux,maïs,170.7,284.5,0.2845,600.0
2018,Plateaux,maïs,176.8,294.6,0.29460000000000003,600.1357773251866
2019,Plateaux,maïs,206.0,343.3,0.3433,600.058258083309
2020,Plateaux,maïs,184.0,306.6,0.30660000000000004,600.1304631441617
2021,Plateaux,maïs,202.2,337.0,0.337,600.0
2022,Plateaux,maïs,218.1,363.5,0.3635,600.0
2023,Plateaux,maïs,230.2,383.6,0.3836,600.104275286757
2024,Plateaux,maïs,233.5,389.1,0.3891,600.1028013364173
2025,Plateaux,maïs,208.3,347.1,0.3471,600.1152405646787
2026,Plateaux,maïs,216.1,360.2,0.36019999999999996,599.9444752915048
2027,Plateaux,maïs,254.4,423.9,0.4239,600.1415428167021
2028,Plateaux,maïs,247.9,413.1,0.4131,600.0968288549988
2029,Plateaux,maïs,236.2,393.7,0.3937,599.9491998983998
2030,Plateaux,maïs,255.4,425.7,0.42569999999999997,599.9530185576698
2015,Plateaux,riz_paddy,252.7,421.1,0.42110000000000003,600.0949893137022
2016,Plateaux,riz_paddy,267.5,445.9,0.44589999999999996,599.9102937878448
2017,Plateaux,riz_paddy,274.9,458.1,0.4581,600.0873171796551
2018,Plateaux,riz_paddy,255.3,425.5,0.4255,600.0
2019,Plateaux,riz_paddy,271.8,453.0,0.453,600.0
2020,Plateaux,riz_paddy,280.9,468.2,0.4682,599.9572832123024
2021,Plateaux,riz_paddy,273.6,456.1,0.4561,599.8684499013374
2022,Plateaux,riz_paddy,306.8,511.3,0.5113,600.0391159788774
2023,Plateaux,riz_paddy,324.5,540.9,0.5408999999999999,599.9260491772972
2024,Plateaux,riz_paddy,335.8,559.7,0.5597000000000001,599.9642665713775
2025,Plateaux,riz_paddy,318.4,530.7,0.5307000000000001,599.9623139250047
2026,Plateaux,riz_paddy,332.0,553.3,0.5532999999999999,600.0361467558287
2027,Plateaux,riz_paddy,323.0,538.3,0.5383,600.0371540033439
2028,Plateaux,riz_paddy,328.1,546.8,0.5468,600.0365764447696
2029,Plateaux,riz_paddy,352.6,587.7,0.5877,599.9659690318189
2030,Plateaux,riz_paddy,395.5,659.1,0.6591,600.0606888180853
2015,Plateaux,sorgho,157.7,262.8,0.26280000000000003,600.0761035007611
2016,Plateaux,sorgho,168.0,280.1,0.2801,599.7857907890038
2017,Plateaux,sorgho,188.8,314.6,0.31460000000000005,600.127145581691
2018,Plateaux,sorgho,172.3,287.2,0.2872,599.9303621169917
2019,Plateaux,sorgho,202.8,338.0,0.338,600.0
2020,Plateaux,sorgho,207.8,346.3,0.3463,600.0577533930118
2021,Plateaux,sorgho,193.7,322.9,0.32289999999999996,599.8761226385878
2022,Plateaux,sorgho,220.9,368.2,0.36819999999999997,599.9456816947311
2023,Plateaux,sorgho,219.6,366.0,0.366,600.0
2024,Plateaux,sorgho,225.4,375.7,0.3757,599.9467660367314
2025,Plateaux,sorgho,223.0,371.7,0.3717,599.9461931665321
2026,Plateaux,sorgho,229.5,382.5,0.3825,600.0
2027,Plateaux,sorgho,245.0,408.3,0.4083,600.0489835904972
2028,Plateaux,sorgho,242.2,403.7,0.4037,599.950458261085
2029,Plateaux,sorgho,258.0,430.1,0.43010000000000004,599.8604975587073
2030,Plateaux,sorgho,259.9,433.2,0.4332,599.9538319482917
2015,Plateaux,mil,197.6,329.3,0.32930000000000004,600.0607348921956
2016,Plateaux,mil,211.9,353.2,0.3532,599.9433748584372
2017,Plateaux,mil,216.2,360.3,0.3603,600.0555092978074
2018,Plateaux,mil,229.4,382.3,0.38230000000000003,600.0523149359142
2019,Plateaux,mil,203.8,339.6,0.3396,600.1177856301531
2020,Plateaux,mil,236.6,394.3,0.3943,600.0507227998985
2021,Plateaux,mil,241.6,402.7,0.4027,599.9503352371493
2022,Plateaux,mil,240.7,401.2,0.4012,599.9501495513459
2023,Plateaux,mil,231.4,385.7,0.3857,599.9481462276381
2024,Plateaux,mil,267.7,446.2,0.4462,599.9551770506499
2025,Plateaux,mil,253.4,422.4,0.4224,599.9053030303031
2026,Plateaux,mil,257.0,428.3,0.4283,600.0466962409525
2027,Plateaux,mil,273.7,456.1,0.4561,600.087700065775
2028,Plateaux,mil,268.8,447.9,0.44789999999999996,600.1339584728735
2029,Plateaux,mil,281.9,469.9,0.4699,599.9148755054267
2030,Plateaux,mil,289.1,481.8,0.4818,600.0415110004151
2015,Plateaux,manioc,94.0,156.6,0.1566,600.2554278416347
2016,Plateaux,manioc,99.1,165.1,0.1651,600.2422774076317
2017,Plateaux,manioc,94.8,157.9,0.1579,600.3799873337555
2018,Plateaux,manioc,98.8,164.7,0.16469999999999999,599.8785670916819
2019,Plateaux,manioc,111.6,186.1,0.1861,599.677592692101
2020,Plateaux,manioc,110.7,184.5,0.1845,600.0
2021,Plateaux,manioc,106.8,177.9,0.1779,600.3372681281619
2022,Plateaux,manioc,106.5,177.5,0.1775,600.0
2023,Plateaux,manioc,124.3,207.1,0.2071,600.1931434089812
2024,Plateaux,manioc,128.2,213.7,0.2137,599.9064108563406
2025,Plateaux,manioc,131.3,218.8,0.21880000000000002,600.091407678245
2026,Plateaux,manioc,131.4,219.0,0.219,600.0
2027,Plateaux,manioc,120.8,201.3,0.2013,600.0993541977148
2028,Plateaux,manioc,123.8,206.4,0.2064,599.8062015503875
2029,Plateaux,manioc,144.6,241.1,0.24109999999999998,599.7511406055579
2030,Plateaux,manioc,127.4,212.4,0.2124,599.8116760828625
2015,Plateaux,igname,150.8,251.3,0.2513,600.0795861520095
2016,Plateaux,igname,153.1,255.2,0.2552,599.921630094044
2017,Plateaux,igname,166.2,277.1,0.2771,599.7834716708769
2018,Plateaux,igname,168.4,280.7,0.2807,599.9287495546847
2019,Plateaux,igname,174.8,291.4,0.2914,599.862731640357
2020,Plateaux,igname,184.2,307.0,0.307,600.0
2021,Plateaux,igname,173.8,289.6,0.2896,600.1381215469613
2022,Plateaux,igname,183.3,305.4,0.3054,600.196463654224
2023,Plateaux,igname,188.7,314.6,0.31460000000000005,599.8092816274634
2024,Plateaux,igname,211.2,352.1,0.3521,599.8295938653791
2025,Plateaux,igname,202.9,338.1,0.3381,600.1183081928423
2026,Plateaux,igname,211.4,352.3,0.3523,600.0567697984671
2027,Plateaux,igname,215.8,359.6,0.35960000000000003,600.111234705228
2028,Plateaux,igname,228.5,380.8,0.3808,600.0525210084033
2029,Plateaux,igname,217.0,361.6,0.36160000000000003,600.1106194690265
2030,Plateaux,igname,245.8,409.7,0.4097,599.9511837930193
2015,Plateaux,soja,198.0,330.0,0.33,600.0
2016,Plateaux,soja,205.7,342.8,0.3428,600.0583430571762
2017,Plateaux,soja,191.8,319.7,0.3197,599.9374413512668
2018,Plateaux,soja,228.4,380.7,0.3807,599.9474651956922
2019,Plateaux,soja,207.7,346.2,0.3462,599.9422299248989
2020,Plateaux,soja,237.8,396.3,0.3963,600.0504668180671
2021,Plateaux,soja,220.3,367.2,0.36719999999999997,599.9455337690632
2022,Plateaux,soja,239.6,399.3,0.3993,600.0500876533935
2023,Plateaux,soja,246.1,410.2,0.4102,599.9512432959532
2024,Plateaux,soja,266.4,444.1,0.44410000000000005,599.8648952938527
2025,Plateaux,soja,249.0,415.1,0.4151,599.855456516502
2026,Plateaux,soja,242.3,403.8,0.4038,600.0495294700346
2027,Plateaux,soja,273.5,455.9,0.45589999999999997,599.9122614608467
2028,Plateaux,soja,267.5,445.9,0.44589999999999996,599.9102937878448
2029,Plateaux,soja,284.5,474.1,0.4741,600.0843703859945
2030,Plateaux,soja,299.3,498.9,0.49889999999999995,599.9198236119463
2015,Plateaux,arachide,259.6,432.6,0.43260000000000004,600.0924641701341
2016,Plateaux,arachide,294.5,490.8,0.4908,600.040749796251
2017,Plateaux,arachide,290.1,483.6,0.48360000000000003,599.8759305210917
2018,Plateaux,arachide,278.7,464.4,0.4644,600.1291989664084
2019,Plateaux,arachide,293.9,489.9,0.4899,599.9183506838131
2020,Plateaux,arachide,320.6,534.3,0.5343,600.0374321542205
2021,Plateaux,arachide,346.0,576.7,0.5767,599.9653199237038
2022,Plateaux,arachide,351.6,586.0,0.586,600.0
2023,Plateaux,arachide,335.7,559.5,0.5595,600.0
2024,Plateaux,arachide,352.9,588.1,0.5881000000000001,600.068015643598
2025,Plateaux,arachide,375.1,625.1,0.6251,600.0639897616381
2026,Plateaux,arachide,367.5,612.5,0.6125,600.0
2027,Plateaux,arachide,371.5,619.2,0.6192000000000001,599.9677002583979
2028,Plateaux,arachide,371.9,619.8,0.6197999999999999,600.0322684737013
2029,Plateaux,arachide,416.7,694.5,0.6945,600.0
2030,Plateaux,arachide,372.9,621.5,0.6215,600.0
2015,Plateaux,palme,66.7,111.2,0.11120000000000001,599.8201438848921
2016,Plateaux,palme,64.4,107.4,0.10740000000000001,599.6275605214153
2017,Plateaux,palme,69.0,115.1,0.1151,599.4787141615986
2018,Plateaux,palme,69.7,116.2,0.1162,599.827882960413
2019,Plateaux,palme,68.4,113.9,0.1139,600.5267778753292
2020,Plateaux,palme,66.4,110.7,0.1107,599.8193315266486
2021,Plateaux,palme,79.4,132.3,0.1323,600.1511715797429
2022,Plateaux,palme,79.1,131.8,0.1318,600.1517450682852
2023,Plateaux,palme,76.7,127.9,0.1279,599.6872556684909
2024,Plateaux,palme,82.5,137.6,0.1376,599.5639534883721
2025,Plateaux,palme,80.1,133.5,0.1335,600.0
2026,Plateaux,palme,85.8,143.0,0.143,600.0
2027,Plateaux,palme,79.7,132.9,0.13290000000000002,599.699021820918
2028,Plateaux,palme,82.4,137.3,0.1373,600.1456664238892
2029,Plateaux,palme,96.8,161.4,0.16140000000000002,599.7521685254027
2030,Plateaux,palme,94.8,157.9,0.1579,600.3799873337555
2015,Plateaux,coton,211.3,352.2,0.3522,599.9432140829075
2016,Plateaux,coton,212.0,353.3,0.3533,600.0566091140673
2017,Plateaux,coton,220.6,367.6,0.36760000000000004,600.1088139281828
2018,Plateaux,coton,254.6,424.4,0.4244,599.9057492931197
2019,Plateaux,coton,252.8,421.3,0.4213,600.0474721101352
2020,Plateaux,coton,268.0,446.6,0.4466,600.0895656068069
2021,Plateaux,coton,246.9,411.5,0.4115,600.0
2022,Plateaux,coton,266.5,444.1,0.44410000000000005,600.0900698040981
2023,Plateaux,coton,270.6,450.9,0.45089999999999997,600.1330671989355
2024,Plateaux,coton,260.5,434.2,0.4342,599.9539382772916
2025,Plateaux,coton,306.7,511.2,0.5112,599.9608763693271
2026,Plateaux,coton,302.5,504.2,0.5042,599.9603332011106
2027,Plateaux,coton,313.0,521.6,0.5216000000000001,600.0766871165644
2028,Plateaux,coton,295.0,491.6,0.49160000000000004,600.0813669650122
2029,Plateaux,coton,310.8,518.1,0.5181,599.8841922408801
2030,Plateaux,coton,308.5,514.2,0.5142,599.9611046285492
2015,Plateaux,noix_de_cajou,306.9,511.5,0.5115,600.0
2016,Plateaux,noix_de_cajou,305.0,508.3,0.5083,600.0393468424159
2017,Plateaux,noix_de_cajou,324.8,541.3,0.5413,600.0369480879365
2018,Plateaux,noix_de_cajou,326.1,543.5,0.5435,600.0
2019,Plateaux,noix_de_cajou,325.8,543.0,0.543,600.0
2020,Plateaux,noix_de_cajou,341.2,568.6,0.5686,600.0703482237074
2021,Plateaux,noix_de_cajou,375.2,625.3,0.6253,600.0319846473693
2022,Plateaux,noix_de_cajou,401.9,669.8,0.6698,600.0298596595999
2023,Plateaux,noix_de_cajou,360.6,601.0,0.601,600.0
2024,Plateaux,noix_de_cajou,395.5,659.2,0.6592,599.9696601941747
2025,Plateaux,noix_de_cajou,440.3,733.8,0.7338,600.0272553829382
2026,Plateaux,noix_de_cajou,401.0,668.3,0.6683,600.029926679635
2027,Plateaux,noix_de_cajou,435.8,726.4,0.7263999999999999,599.9449339207049
2028,Plateaux,noix_de_cajou,447.6,746.0,0.746,600.0
2029,Plateaux,noix_de_cajou,474.6,791.1,0.7911,599.9241562381494
2030,Plateaux,noix_de_cajou,444.2,740.3,0.7403,600.0270160745644
2015,Plateaux,café,499.9,833.1,0.8331000000000001,600.0480134437643
2016,Plateaux,café,593.9,989.8,0.9897999999999999,600.0202061022429
2017,Plateaux,café,594.3,990.5,0.9905,600.0
2018,Plateaux,café,586.9,978.1,0.9781,600.0408956139454
2019,Plateaux,café,636.8,1061.3,1.0613,600.0188448129653
2020,Plateaux,café,614.6,1024.3,1.0243,600.0195255296301
2021,Plateaux,café,694.4,1157.4,1.1574,599.9654397788146
2022,Plateaux,café,653.5,1089.2,1.0892,599.9816378993756
2023,Plateaux,café,653.4,1089.0,1.089,600.0
2024,Plateaux,café,682.9,1138.2,1.1382,599.9824283957125
2025,Plateaux,café,676.0,1126.7,1.1267,599.9822490458862
2026,Plateaux,café,714.7,1191.2,1.1912,599.9832102081934
2027,Plateaux,café,767.6,1279.3,1.2792999999999999,600.0156335495975
2028,Plateaux,café,742.2,1236.9,1.2369,600.0485083676933
2029,Plateaux,café,846.8,1411.3,1.4113,600.0141713313966
2030,Plateaux,café,868.3,1447.2,1.4472,599.9861802100608
2015,Plateaux,cacao,689.1,1148.5,1.1485,600.0
2016,Plateaux,cacao,739.6,1232.7,1.2327000000000001,599.9837754522592
2017,Plateaux,cacao,774.3,1290.6,1.2906,599.953509995351
2018,Plateaux,cacao,804.6,1340.9,1.3409,600.0447460660749
2019,Plateaux,cacao,840.3,1400.6,1.4005999999999998,599.9571612166214
2020,Plateaux,cacao,786.5,1310.8,1.3108,600.0152578577968
2021,Plateaux,cacao,814.2,1357.0,1.357,600.0
2022,Plateaux,cacao,792.9,1321.5,1.3215,600.0
2023,Plateaux,cacao,824.7,1374.5,1.3745,600.0
2024,Plateaux,cacao,930.0,1549.9,1.5499,600.038712174979
2025,Plateaux,cacao,882.9,1471.5,1.4715,600.0
2026,Plateaux,cacao,903.6,1506.1,1.5061,599.9601620078348
2027,Plateaux,cacao,959.7,1599.5,1.5995,600.0
2028,Plateaux,cacao,992.6,1654.3,1.6542999999999999,600.0120897056157
2029,Plateaux,cacao,977.3,1628.9,1.6289,599.9754435508626
2030,Plateaux,cacao,1037.6,1729.4,1.7294,599.9768705909563
2015,Centrale,maïs,210.3,350.5,0.3505,600.0
2016,Centrale,maïs,217.1,361.8,0.3618,600.0552791597568
2017,Centrale,maïs,233.7,389.5,0.3895,600.0
2018,Centrale,maïs,219.3,365.6,0.36560000000000004,599.835886214442
2019,Centrale,maïs,260.2,433.7,0.4337,599.9538851740834
2020,Centrale,maïs,268.4,447.3,0.44730000000000003,600.0447127207691
2021,Centrale,maïs,249.7,416.2,0.4162,599.9519461797213
2022,Centrale,maïs,259.1,431.8,0.4318,600.0463177396944
2023,Centrale,maïs,284.1,473.4,0.4734,600.1267427122941
2024,Centrale,maïs,268.6,447.7,0.4477,599.9553272280546
2025,Centrale,maïs,291.7,486.2,0.48619999999999997,599.958864664747
2026,Centrale,maïs,272.7,454.5,0.4545,600.0
2027,Centrale,maïs,277.0,461.6,0.4616,600.0866551126517
2028,Centrale,maïs,298.0,496.6,0.49660000000000004,600.0805477245268
2029,Centrale,maïs,328.7,547.8,0.5478,600.0365096750639
2030,Centrale,maïs,303.8,506.3,0.5063,600.0395022713806
2015,Centrale,riz_paddy,300.5,500.8,0.5008,600.0399361022364
2016,Centrale,riz_paddy,288.1,480.2,0.4802,599.9583506872136
2017,Centrale,riz_paddy,293.9,489.8,0.4898,600.0408329930584
2018,Centrale,riz_paddy,300.1,500.1,0.5001,600.0799840031993
2019,Centrale,riz_paddy,349.0,581.6,0.5816,600.0687757909216
2020,Centrale,riz_paddy,347.0,578.4,0.5784,599.9308437067773
2021,Centrale,riz_paddy,354.3,590.6,0.5906,599.8984083982391
2022,Centrale,riz_paddy,355.2,592.0,0.592,600.0
2023,Centrale,riz_paddy,380.0,633.3,0.6333,600.0315806095058
2024,Centrale,riz_paddy,387.0,644.9,0.6449,600.0930376802605
2025,Centrale,riz_paddy,363.3,605.5,0.6055,600.0
2026,Centrale,riz_paddy,414.9,691.5,0.6915,600.0
2027,Centrale,riz_paddy,394.3,657.2,0.6572,599.969567863664
2028,Centrale,riz_paddy,432.6,720.9,0.7209,600.0832292967125
2029,Centrale,riz_paddy,440.4,734.0,0.734,600.0
2030,Centrale,riz_paddy,469.5,782.5,0.7825,600.0
2015,Centrale,sorgho,197.7,329.5,0.3295,600.0
2016,Centrale,sorgho,220.6,367.6,0.36760000000000004,600.1088139281828
2017,Centrale,sorgho,209.4,349.0,0.349,600.0
2018,Centrale,sorgho,203.7,339.5,0.3395,600.0
2019,Centrale,sorgho,240.7,401.2,0.4012,599.9501495513459
2020,Centrale,sorgho,239.6,399.3,0.3993,600.0500876533935
2021,Centrale,sorgho,239.5,399.2,0.3992,599.9498997995992
2022,Centrale,sorgho,230.2,383.6,0.3836,600.104275286757
2023,Centrale,sorgho,257.1,428.5,0.4285,600.0000000000001
2024,Centrale,sorgho,279.8,466.4,0.4664,599.9142367066896
2025,Centrale,sorgho,284.7,474.5,0.4745,600.0
2026,Centrale,sorgho,280.1,466.8,0.4668,600.0428449014568
2027,Centrale,sorgho,299.0,498.3,0.4983,600.0401364639775
2028,Centrale,sorgho,283.2,471.9,0.4719,600.127145581691
2029,Centrale,sorgho,280.6,467.6,0.4676,600.0855431993157
2030,Centrale,sorgho,276.2,460.4,0.4604,599.9131190269331
2015,Centrale,mil,224.8,374.7,0.3747,599.9466239658393
2016,Centrale,mil,246.5,410.8,0.4108,600.0486854917234
2017,Centrale,mil,256.3,427.1,0.42710000000000004,600.0936548817607
2018,Centrale,mil,252.3,420.6,0.42060000000000003,599.8573466476462
2019,Centrale,mil,240.1,400.1,0.4001,600.0999750062484
2020,Centrale,mil,256.5,427.5,0.4275,600.0
2021,Centrale,mil,258.6,431.0,0.431,600.0000000000001
2022,Centrale,mil,289.1,481.9,0.4819,599.9169952272256
2023,Centrale,mil,288.8,481.4,0.4814,599.9169090153719
2024,Centrale,mil,308.5,514.2,0.5142,599.9611046285492
2025,Centrale,mil,288.7,481.2,0.48119999999999996,599.9584372402328
2026,Centrale,mil,301.4,502.3,0.5023,600.0398168425244
2027,Centrale,mil,309.8,516.3,0.5163,600.0387371683131
2028,Centrale,mil,323.2,538.7,0.5387000000000001,599.9628735845554
2029,Centrale,mil,315.9,526.6,0.5266000000000001,599.8860615267755
2030,Centrale,mil,318.8,531.3,0.5313,600.0376435159044
2015,Centrale,manioc,127.4,212.3,0.21230000000000002,600.0942063118229
2016,Centrale,manioc,118.1,196.8,0.1968,600.1016260162602
2017,Centrale,manioc,139.0,231.7,0.2317,599.9136814846785
2018,Centrale,manioc,140.9,234.9,0.2349,599.8297147722435
2019,Centrale,manioc,150.9,251.6,0.2516,599.7615262321145
2020,Centrale,manioc,148.7,247.9,0.2479,599.838644614764
2021,Centrale,manioc,146.7,244.5,0.2445,600.0
2022,Centrale,manioc,152.4,254.0,0.254,600.0
2023,Centrale,manioc,150.1,250.2,0.2502,599.920063948841
2024,Centrale,manioc,151.0,251.6,0.2516,600.1589825119237
2025,Centrale,manioc,157.7,262.9,0.26289999999999997,599.8478508938761
2026,Centrale,manioc,156.0,260.0,0.26,600.0
2027,Centrale,manioc,173.9,289.9,0.2899,599.8620213866851
2028,Centrale,manioc,181.5,302.5,0.3025,600.0
2029,Centrale,manioc,181.8,303.1,0.30310000000000004,599.8020455295282
2030,Centrale,manioc,192.8,321.3,0.32130000000000003,600.0622471210706
2015,Centrale,igname,207.5,345.8,0.3458,600.0578368999421
2016,Centrale,igname,208.7,347.9,0.3479,599.8850244323082
2017,Centrale,igname,211.6,352.6,0.3526,600.1134429948951
2018,Centrale,igname,212.7,354.4,0.3544,600.1693002257337
2019,Centrale,igname,219.8,366.4,0.3664,599.8908296943232
2020,Centrale,igname,252.0,420.0,0.42,600.0
2021,Centrale,igname,234.1,390.2,0.3902,599.9487442337263
2022,Centrale,igname,263.0,438.3,0.4383,600.0456308464522
2023,Centrale,igname,239.1,398.6,0.3986,599.8494731560461
2024,Centrale,igname,245.7,409.5,0.4095,600.0
2025,Centrale,igname,268.6,447.6,0.4476,600.0893655049151
2026,Centrale,igname,283.4,472.3,0.4723,600.0423459665467
2027,Centrale,igname,284.3,473.8,0.4738,600.0422119037569
2028,Centrale,igname,295.9,493.2,0.49319999999999997,599.9594484995945
2029,Centrale,igname,311.8,519.7,0.5197,599.9615162593803
2030,Centrale,igname,311.6,519.4,0.5194,599.9229880631498
2015,Centrale,soja,230.9,384.9,0.38489999999999996,599.8960769030917
2016,Centrale,soja,232.2,386.9,0.38689999999999997,600.1550788317395
2017,Centrale,soja,233.8,389.6,0.3896,600.1026694045174
2018,Centrale,soja,240.8,401.3,0.4013,600.0498380264141
2019,Centrale,soja,278.7,464.5,0.4645,600.0
2020,Centrale,soja,286.5,477.5,0.4775,600.0
2021,Centrale,soja,293.9,489.8,0.4898,600.0408329930584
2022,Centrale,soja,305.0,508.4,0.5084,599.9213217938632
2023,Centrale,soja,304.5,507.6,0.5076,599.8817966903073
2024,Centrale,soja,322.0,536.7,0.5367000000000001,599.9627352338364
2025,Centrale,soja,308.6,514.4,0.5144,599.9222395023328
2026,Centrale,soja,331.2,552.0,0.552,600.0
2027,Centrale,soja,311.0,518.4,0.5184,599.9228395061729
2028,Centrale,soja,335.1,558.5,0.5585,600.0
2029,Centrale,soja,346.6,577.6,0.5776,600.0692520775623
2030,Centrale,soja,329.3,548.8,0.5488,600.0364431486881
2015,Centrale,arachide,330.1,550.1,0.5501,600.0727140519905
2016,Centrale,arachide,322.0,536.7,0.5367000000000001,599.9627352338364
2017,Centrale,arachide,372.9,621.5,0.6215,600.0
2018,Centrale,arachide,362.4,604.0,0.604,600.0
2019,Centrale,arachide,349.3,582.1,0.5821000000000001,600.068716715341
2020,Centrale,arachide,366.3,610.5,0.6105,600.0
2021,Centrale,arachide,412.5,687.4,0.6874,600.0872854233344
2022,Centrale,arachide,408.6,681.0,0.681,600.0
2023,Centrale,arachide,415.9,693.2,0.6932,599.9711482977496
2024,Centrale,arachide,410.4,684.1,0.6841,599.9122935243386
2025,Centrale,arachide,439.5,732.5,0.7325,600.0
2026,Centrale,arachide,409.3,682.1,0.6821,600.0586424277965
2027,Centrale,arachide,462.4,770.6,0.7706000000000001,600.0519076044641
2028,Centrale,arachide,495.8,826.3,0.8262999999999999,600.0242042841584
2029,Centrale,arachide,488.9,814.8,0.8148,600.0245459008346
2030,Centrale,arachide,476.0,793.4,0.7934,599.9495840685656
2015,Centrale,palme,78.8,131.3,0.1313,600.1523229246001
2016,Centrale,palme,91.5,152.5,0.1525,600.0
2017,Centrale,palme,89.0,148.4,0.1484,599.7304582210243
2018,Centrale,palme,100.0,166.6,0.1666,600.2400960384153
2019,Centrale,palme,92.6,154.3,0.15430000000000002,600.1296176279974
2020,Centrale,palme,99.4,165.6,0.1656,600.2415458937198
2021,Centrale,palme,103.9,173.2,0.1732,599.8845265588915
2022,Centrale,palme,100.9,168.2,0.1682,599.8810939357908
2023,Centrale,palme,102.5,170.8,0.1708,600.1170960187353
2024,Centrale,palme,109.1,181.9,0.1819,599.7800989554701
2025,Centrale,palme,108.6,181.0,0.181,600.0
2026,Centrale,palme,108.7,181.1,0.18109999999999998,600.2208724461624
2027,Centrale,palme,125.7,209.5,0.2095,600.0
2028,Centrale,palme,125.7,209.5,0.2095,600.0
2029,Centrale,palme,131.7,219.4,0.2194,600.2734731084777
2030,Centrale,palme,127.1,211.9,0.2119,599.8112317130722
2015,Centrale,coton,265.0,441.6,0.44160000000000005,600.0905797101449
2016,Centrale,coton,267.7,446.2,0.4462,599.9551770506499
2017,Centrale,coton,259.6,432.7,0.4327,599.9537785994917
2018,Centrale,coton,276.1,460.1,0.4601,600.086937622256
2019,Centrale,coton,262.8,438.0,0.438,600.0
2020,Centrale,coton,266.7,444.5,0.4445,600.0
2021,Centrale,coton,311.6,519.3,0.5193,600.0385133834008
2022,Centrale,coton,308.2,513.7,0.5137,599.9610667704885
2023,Centrale,coton,334.7,557.8,0.5578,600.0358551452134
2024,Centrale,coton,329.2,548.7,0.5487000000000001,599.9635502095863
2025,Centrale,coton,340.0,566.7,0.5667000000000001,599.9647079583553
2026,Centrale,coton,333.0,555.0,0.555,600.0
2027,Centrale,coton,355.0,591.6,0.5916,600.0676132521974
2028,Centrale,coton,349.3,582.2,0.5822,599.9656475437994
2029,Centrale,coton,339.1,565.1,0.5651,600.0707839320474
2030,Centrale,coton,393.8,656.3,0.6563,600.0304738686576
2015,Centrale,noix_de_cajou,375.9,626.5,0.6265,600.0
2016,Centrale,noix_de_cajou,412.4,687.3,0.6872999999999999,600.0290993743635
2017,Centrale,noix_de_cajou,381.7,636.2,0.6362000000000001,599.9685633448601
2018,Centrale,noix_de_cajou,394.3,657.1,0.6571,600.0608735352305
2019,Centrale,noix_de_cajou,439.8,733.1,0.7331,599.918155776838
2020,Centrale,noix_de_cajou,398.9,664.8,0.6648,600.0300842358605
2021,Centrale,noix_de_cajou,427.0,711.6,0.7116,600.0562113546936
2022,Centrale,noix_de_cajou,447.7,746.2,0.7462000000000001,599.9731975341731
2023,Centrale,noix_de_cajou,490.8,818.1,0.8181,599.9266593325999
2024,Centrale,noix_de_cajou,501.5,835.8,0.8358,600.0239291696579
2025,Centrale,noix_de_cajou,486.9,811.5,0.8115,600.0
2026,Centrale,noix_de_cajou,538.5,897.5,0.8975,600.0
2027,Centrale,noix_de_cajou,497.3,828.8,0.8288,600.0241312741313
2028,Centrale,noix_de_cajou,510.0,850.0,0.85,600.0
2029,Centrale,noix_de_cajou,523.6,872.6,0.8726,600.045840018336
2030,Centrale,noix_de_cajou,523.4,872.4,0.8724,599.954149472719
2015,Centrale,café,661.6,1102.6,1.1025999999999998,600.036277888627
2016,Centrale,café,700.7,1167.9,1.1679000000000002,599.9657504923366
2017,Centrale,café,729.9,1216.6,1.2166,599.9506822291632
2018,Centrale,café,668.0,1113.3,1.1133,600.0179646097189
2019,Centrale,café,731.2,1218.7,1.2187000000000001,599.9835890703208
2020,Centrale,café,712.9,1188.1,1.1881,600.0336671997308
2021,Centrale,café,780.4,1300.7,1.3007,599.9846236641808
2022,Centrale,café,768.2,1280.3,1.2803,600.0156213387487
2023,Centrale,café,786.8,1311.4,1.3114000000000001,599.9694982461491
2024,Centrale,café,798.9,1331.6,1.3316,599.9549414238511
2025,Centrale,café,860.3,1433.9,1.4339000000000002,599.9721040518864
2026,Centrale,café,912.3,1520.5,1.5205,600.0
2027,Centrale,café,932.4,1554.0,1.554,600.0
2028,Centrale,café,992.4,1654.0,1.654,600.0
2029,Centrale,café,937.3,1562.1,1.5620999999999998,600.0256065552782
2030,Centrale,café,1041.5,1735.9,1.7359,599.9769571979953
2015,Centrale,cacao,825.1,1375.2,1.3752,599.9854566608493
2016,Centrale,cacao,864.1,1440.1,1.4401,600.0277758488994
2017,Centrale,cacao,845.6,1409.3,1.4093,600.0141914425601
2018,Centrale,cacao,886.2,1477.1,1.4770999999999999,599.9593798659536
2019,Centrale,cacao,957.1,1595.2,1.5952,599.9874623871615
2020,Centrale,cacao,924.5,1540.9,1.5409000000000002,599.9740411447855
2021,Centrale,cacao,952.4,1587.3,1.5873,600.0126000126
2022,Centrale,cacao,978.8,1631.4,1.6314000000000002,599.975481181807
2023,Centrale,cacao,1096.8,1828.1,1.8280999999999998,599.9671790383459
2024,Centrale,cacao,1047.8,1746.3,1.7463,600.0114527858901
2025,Centrale,cacao,1211.3,2018.8,2.0188,600.0099068753715
2026,Centrale,cacao,1223.4,2039.1,2.0391,599.9705752537884
2027,Centrale,cacao,1160.5,1934.1,1.9341,600.0206814539063
2028,Centrale,cacao,1206.8,2011.4,2.0114,599.9801133538829
2029,Centrale,cacao,1246.0,2076.7,2.0766999999999998,599.9903693359657
2030,Centrale,cacao,1358.8,2264.7,2.2647,599.9911688082307
2015,Kara,maïs,194.4,324.1,0.3241,599.8148719531008
2016,Kara,maïs,204.2,340.3,0.3403,600.058771672054
2017,Kara,maïs,210.7,351.1,0.3511,600.1139276559385
2018,Kara,maïs,234.3,390.5,0.3905,600.0
2019,Kara,maïs,212.5,354.2,0.3542,599.9435347261434
2020,Kara,maïs,220.7,367.9,0.3679,599.8912748029356
2021,Kara,maïs,222.9,371.6,0.37160000000000004,599.8385360602798
2022,Kara,maïs,265.6,442.7,0.4427,599.9548226790151
2023,Kara,maïs,261.8,436.3,0.4363,600.045840018336
2024,Kara,maïs,262.0,436.6,0.43660000000000004,600.0916170407695
2025,Kara,maïs,256.2,427.1,0.42710000000000004,599.8595176773589
2026,Kara,maïs,255.7,426.2,0.42619999999999997,599.9530736743313
2027,Kara,maïs,270.0,450.1,0.4501,599.8666962897133
2028,Kara,maïs,307.1,511.8,0.5118,600.0390777647518
2029,Kara,maïs,307.3,512.2,0.5122000000000001,599.9609527528308
2030,Kara,maïs,300.4,500.6,0.5006,600.0799041150619
2015,Kara,riz_paddy,282.4,470.6,0.4706,600.0849978750531
2016,Kara,riz_paddy,265.0,441.6,0.44160000000000005,600.0905797101449
2017,Kara,riz_paddy,282.7,471.2,0.4712,599.9575551782683
2018,Kara,riz_paddy,302.5,504.1,0.5041,600.0793493354493
2019,Kara,riz_paddy,319.8,532.9,0.5328999999999999,600.112591480578
2020,Kara,riz_paddy,311.9,519.8,0.5197999999999999,600.0384763370528
2021,Kara,riz_paddy,340.0,566.7,0.5667000000000001,599.9647079583553
2022,Kara,riz_paddy,353.6,589.4,0.5893999999999999,599.9321343739397
2023,Kara,riz_paddy,349.2,581.9,0.5819,600.1031105000859
2024,Kara,riz_paddy,368.2,613.6,0.6136,600.0651890482399
2025,Kara,riz_paddy,347.5,579.1,0.5791000000000001,600.0690726990157
2026,Kara,riz_paddy,384.5,640.9,0.6409,599.9375877672024
2027,Kara,riz_paddy,380.2,633.7,0.6337,599.9684393246015
2028,Kara,riz_paddy,380.0,633.3,0.6333,600.0315806095058
2029,Kara,riz_paddy,385.1,641.8,0.6417999999999999,600.0311623558741
2030,Kara,riz_paddy,436.1,726.8,0.7268,600.0275178866264
2015,Kara,sorgho,180.1,300.2,0.30019999999999997,599.9333777481679
2016,Kara,sorgho,184.0,306.7,0.3067,599.9347896967721
2017,Kara,sorgho,208.2,347.0,0.347,600.0
2018,Kara,sorgho,213.7,356.2,0.35619999999999996,599.9438517686693
2019,Kara,sorgho,194.7,324.5,0.3245,600.0
2020,Kara,sorgho,210.4,350.6,0.3506,600.1140901312036
2021,Kara,sorgho,211.6,352.6,0.3526,600.1134429948951
2022,Kara,sorgho,244.5,407.5,0.4075,600.0
2023,Kara,sorgho,244.4,407.3,0.4073,600.0491038546526
2024,Kara,sorgho,242.1,403.5,0.4035,600.0
2025,Kara,sorgho,232.0,386.7,0.3867,599.948280320662
2026,Kara,sorgho,269.7,449.5,0.4495,600.0
2027,Kara,sorgho,242.3,403.8,0.4038,600.0495294700346
2028,Kara,sorgho,260.7,434.4,0.43439999999999995,600.1381215469613
2029,Kara,sorgho,262.5,437.6,0.43760000000000004,599.8628884826325
2030,Kara,sorgho,278.6,464.3,0.4643,600.0430755976739
2015,Kara,mil,205.4,342.3,0.3423,600.0584282792871
2016,Kara,mil,213.0,354.9,0.3549,600.1690617075233
2017,Kara,mil,209.3,348.8,0.3488,600.0573394495412
2018,Kara,mil,243.8,406.4,0.4064,599.9015748031496
2019,Kara,mil,245.5,409.2,0.4092,599.9511241446726
2020,Kara,mil,241.1,401.8,0.4018,600.0497760079642
2021,Kara,mil,258.6,431.0,0.431,600.0000000000001
2022,Kara,mil,237.9,396.6,0.3966,599.8487140695914
2023,Kara,mil,249.6,416.0,0.416,600.0
2024,Kara,mil,276.6,461.0,0.461,600.0
2025,Kara,mil,255.7,426.2,0.42619999999999997,599.9530736743313
2026,Kara,mil,304.5,507.6,0.5076,599.8817966903073
2027,Kara,mil,284.6,474.3,0.4743,600.0421674045963
2028,Kara,mil,288.1,480.1,0.4801,600.0833159758383
2029,Kara,mil,303.8,506.4,0.5064,599.9210110584519
2030,Kara,mil,311.1,518.4,0.5184,600.1157407407408
2015,Kara,manioc,108.6,180.9,0.1809,600.3316749585406
2016,Kara,manioc,108.0,180.0,0.18,600.0
2017,Kara,manioc,113.2,188.6,0.1886,600.2120890774125
2018,Kara,manioc,113.4,189.0,0.189,600.0
2019,Kara,manioc,131.2,218.7,0.21869999999999998,599.9085505258345
2020,Kara,manioc,123.1,205.1,0.2051,600.1950268161872
2021,Kara,manioc,121.9,203.2,0.2032,599.9015748031496
2022,Kara,manioc,141.3,235.6,0.2356,599.7453310696095
2023,Kara,manioc,128.6,214.4,0.2144,599.8134328358209
2024,Kara,manioc,136.9,228.2,0.2282,599.9123575810693
2025,Kara,manioc,145.5,242.5,0.2425,600.0
2026,Kara,manioc,149.6,249.3,0.24930000000000002,600.0802246289611
2027,Kara,manioc,149.4,248.9,0.2489,600.2410606669345
2028,Kara,manioc,151.1,251.9,0.2519,599.8412068281064
2029,Kara,manioc,162.0,270.1,0.2701,599.7778600518326
2030,Kara,manioc,166.8,277.9,0.2779,600.2159050017992
2015,Kara,igname,185.0,308.4,0.30839999999999995,599.8702983138782
2016,Kara,igname,191.2,318.7,0.3187,599.9372450580483
2017,Kara,igname,189.5,315.8,0.3158,600.0633312222926
2018,Kara,igname,185.3,308.8,0.3088,600.0647668393782
2019,Kara,igname,214.1,356.8,0.3568,600.0560538116591
2020,Kara,igname,196.2,327.1,0.3271,599.816569856313
2021,Kara,igname,217.0,361.7,0.36169999999999997,599.9447055570915
2022,Kara,igname,217.5,362.5,0.3625,600.0
2023,Kara,igname,215.6,359.4,0.3594,599.8887033945465
2024,Kara,igname,240.1,400.1,0.4001,600.0999750062484
2025,Kara,igname,217.4,362.3,0.3623,600.0552028705492
2026,Kara,igname,252.4,420.7,0.42069999999999996,599.9524601854052
2027,Kara,igname,230.4,384.0,0.384,600.0
2028,Kara,igname,264.5,440.8,0.4408,600.0453720508167
2029,Kara,igname,253.1,421.8,0.4218,600.0474158368895
2030,Kara,igname,249.0,414.9,0.4149,600.1446131597976
2015,Kara,soja,209.4,349.0,0.349,600.0
2016,Kara,soja,206.4,344.0,0.344,600.0
2017,Kara,soja,211.2,352.0,0.352,600.0
2018,Kara,soja,238.7,397.8,0.3978,600.0502765208647
2019,Kara,soja,239.8,399.7,0.3997,599.949962471854
2020,Kara,soja,262.3,437.1,0.43710000000000004,600.091512239762
2021,Kara,soja,240.5,400.8,0.4008,600.0499001996008
2022,Kara,soja,271.8,452.9,0.45289999999999997,600.1324795760654
2023,Kara,soja,270.4,450.7,0.4507,599.9556245839805
2024,Kara,soja,253.0,421.7,0.42169999999999996,599.9525729191369
2025,Kara,soja,293.0,488.3,0.4883,600.0409584271964
2026,Kara,soja,268.5,447.4,0.44739999999999996,600.134108180599
2027,Kara,soja,289.8,483.0,0.483,600.0
2028,Kara,soja,277.8,462.9,0.4629,600.1296176279974
2029,Kara,soja,287.4,479.1,0.4791,599.8747651847214
2030,Kara,soja,305.6,509.4,0.5094,599.9214762465646
2015,Kara,arachide,286.2,476.9,0.4769,600.1258125393165
2016,Kara,arachide,326.4,544.0,0.544,600.0
2017,Kara,arachide,323.5,539.2,0.5392,599.9629080118693
2018,Kara,arachide,317.4,529.0,0.529,600.0
2019,Kara,arachide,319.2,532.0,0.532,600.0
2020,Kara,arachide,360.4,600.7,0.6007,599.9667055102381
2021,Kara,arachide,366.2,610.4,0.6103999999999999,599.9344692005243
2022,Kara,arachide,356.3,593.8,0.5938,600.0336813742001
2023,Kara,arachide,349.2,582.0,0.582,600.0
2024,Kara,arachide,375.7,626.1,0.6261,600.063887557898
2025,Kara,arachide,362.4,603.9,0.6039,600.0993541977149
2026,Kara,arachide,403.0,671.6,0.6716,600.0595592614651
2027,Kara,arachide,393.0,655.0,0.655,600.0
2028,Kara,arachide,422.4,704.0,0.704,600.0
2029,Kara,arachide,421.8,702.9,0.7029,600.0853606487409
2030,Kara,arachide,446.6,744.4,0.7444,599.9462654486836
2015,Kara,palme,69.0,115.0,0.115,600.0
2016,Kara,palme,67.7,112.9,0.1129,599.645704162976
2017,Kara,palme,74.9,124.9,0.12490000000000001,599.679743795036
2018,Kara,palme,77.2,128.7,0.12869999999999998,599.8445998445999
2019,Kara,palme,81.5,135.9,0.1359,599.7056659308315
2020,Kara,palme,78.1,130.2,0.13019999999999998,599.8463901689709
2021,Kara,palme,82.9,138.1,0.1381,600.2896451846489
2022,Kara,palme,82.5,137.5,0.1375,600.0
2023,Kara,palme,86.8,144.7,0.1447,599.861782999309
2024,Kara,palme,95.6,159.4,0.15940000000000001,599.7490589711417
2025,Kara,palme,91.5,152.5,0.1525,600.0
2026,Kara,palme,97.8,163.0,0.163,600.0
2027,Kara,palme,94.8,158.0,0.158,600.0
2028,Kara,palme,101.8,169.7,0.1697,599.8821449616971
2029,Kara,palme,98.6,164.3,0.1643,600.1217285453438
2030,Kara,palme,107.8,179.7,0.1797,599.8887033945465
2015,Kara,coton,211.4,352.4,0.3524,599.8864926220205
2016,Kara,coton,220.3,367.2,0.36719999999999997,599.9455337690632
2017,Kara,coton,251.5,419.2,0.41919999999999996,599.9522900763359
2018,Kara,coton,265.3,442.2,0.4422,599.9547715965626
2019,Kara,coton,247.9,413.2,0.4132,599.9515972894483
2020,Kara,coton,243.7,406.2,0.4062,599.9507631708518
2021,Kara,coton,285.7,476.2,0.4762,599.9580008399832
2022,Kara,coton,291.1,485.1,0.48510000000000003,600.0824572253143
2023,Kara,coton,263.1,438.4,0.43839999999999996,600.1368613138686
2024,Kara,coton,310.5,517.5,0.5175,600.0
2025,Kara,coton,320.2,533.7,0.5337000000000001,599.9625257635375
2026,Kara,coton,283.0,471.6,0.4716,600.0848176420695
2027,Kara,coton,310.0,516.7,0.5167,599.961292819818
2028,Kara,coton,330.4,550.7,0.5507000000000001,599.9636825857998
2029,Kara,coton,343.0,571.7,0.5717000000000001,599.9650166171068
2030,Kara,coton,339.9,566.5,0.5665,600.0
2015,Kara,noix_de_cajou,326.7,544.6,0.5446,599.8898273962541
2016,Kara,noix_de_cajou,348.7,581.2,0.5812,599.965588437715
2017,Kara,noix_de_cajou,339.2,565.4,0.5654,599.9292536257517
2018,Kara,noix_de_cajou,385.7,642.9,0.6429,599.9377819256495
2019,Kara,noix_de_cajou,364.0,606.6,0.6066,600.0659413122321
2020,Kara,noix_de_cajou,396.9,661.5,0.6615,600.0
2021,Kara,noix_de_cajou,411.0,685.1,0.6851,599.9124215443001
2022,Kara,noix_de_cajou,425.0,708.3,0.7082999999999999,600.0282366229
2023,Kara,noix_de_cajou,444.9,741.5,0.7415,600.0
2024,Kara,noix_de_cajou,440.1,733.5,0.7335,600.0
2025,Kara,noix_de_cajou,442.6,737.7,0.7377,599.9728887081469
2026,Kara,noix_de_cajou,437.9,729.9,0.7299,599.945197972325
2027,Kara,noix_de_cajou,495.2,825.4,0.8254,599.9515386479283
2028,Kara,noix_de_cajou,504.0,840.0,0.84,600.0
2029,Kara,noix_de_cajou,476.5,794.1,0.7941,600.0503714897368
2030,Kara,noix_de_cajou,494.1,823.5,0.8235,600.0
2015,Kara,café,577.6,962.7,0.9627,599.979225096084
2016,Kara,café,580.7,967.8,0.9678,600.0206654267411
2017,Kara,café,599.9,999.9,0.9999,599.9599959996
2018,Kara,café,622.3,1037.2,1.0372000000000001,599.9807173158504
2019,Kara,café,647.2,1078.7,1.0787,599.9814591638083
2020,Kara,café,654.0,1090.1,1.0900999999999998,599.9449591780572
2021,Kara,café,692.0,1153.3,1.1533,600.0173415416631
2022,Kara,café,761.6,1269.3,1.2692999999999999,600.0157567163003
2023,Kara,café,697.0,1161.6,1.1616,600.034435261708
2024,Kara,café,803.1,1338.6,1.3386,599.9551770506499
2025,Kara,café,783.1,1305.2,1.3052000000000001,599.9846766779037
2026,Kara,café,784.8,1307.9,1.3079,600.0458750669011
2027,Kara,café,779.2,1298.7,1.2987,599.9845999846
2028,Kara,café,846.3,1410.4,1.4104,600.0425411230856
2029,Kara,café,882.7,1471.1,1.4710999999999999,600.027190537693
2030,Kara,café,824.3,1373.9,1.3739000000000001,599.9708857995487
2015,Kara,cacao,769.3,1282.1,1.2821,600.0311988144451
2016,Kara,cacao,816.9,1361.4,1.3614000000000002,600.0440722785368
2017,Kara,cacao,823.2,1372.1,1.3720999999999999,599.9562714087895
2018,Kara,cacao,779.3,1298.8,1.2988,600.0153988296889
2019,Kara,cacao,826.8,1378.1,1.3780999999999999,599.9564617952253
2020,Kara,cacao,836.7,1394.6,1.3945999999999998,599.9569769109422
2021,Kara,cacao,884.2,1473.7,1.4737,599.9864287168351
2022,Kara,cacao,906.6,1511.0,1.511,600.0
2023,Kara,cacao,856.0,1426.7,1.4267,599.9859816359431
2024,Kara,cacao,928.6,1547.7,1.5477,599.9870775990179
2025,Kara,cacao,1012.1,1686.8,1.6867999999999999,600.0118567702158
2026,Kara,cacao,998.4,1664.0,1.664,600.0
2027,Kara,cacao,1060.7,1767.8,1.7678,600.011313497002
2028,Kara,cacao,1004.8,1674.7,1.6747,599.9880575625485
2029,Kara,cacao,1002.7,1671.2,1.6712,599.98803255146
2030,Kara,cacao,1044.3,1740.5,1.7405,600.0
2015,Savanes,maïs,239.8,399.7,0.3997,599.949962471854
2016,Savanes,maïs,266.6,444.3,0.44430000000000003,600.0450146297546
2017,Savanes,maïs,247.5,412.5,0.4125,600.0
2018,Savanes,maïs,271.9,453.1,0.4531,600.08828073273
2019,Savanes,maïs,277.3,462.2,0.4622,599.9567286888793
2020,Savanes,maïs,260.9,434.9,0.43489999999999995,599.908024833295
2021,Savanes,maïs,302.3,503.8,0.5038,600.0396982929734
2022,Savanes,maïs,286.3,477.2,0.4772,599.9580888516346
2023,Savanes,maïs,317.2,528.7,0.5287000000000001,599.9621713637223
2024,Savanes,maïs,296.2,493.6,0.49360000000000004,600.0810372771475
2025,Savanes,maïs,299.2,498.7,0.4987,599.9598957288952
2026,Savanes,maïs,339.2,565.3,0.5652999999999999,600.0353794445427
2027,Savanes,maïs,357.6,596.1,0.5961000000000001,599.8993457473578
2028,Savanes,maïs,344.8,574.7,0.5747000000000001,599.9651992343831
2029,Savanes,maïs,370.6,617.6,0.6176,600.0647668393782
2030,Savanes,maïs,340.2,567.1,0.5671,599.8941985540469
2015,Savanes,riz_paddy,311.5,519.2,0.5192,599.9614791987673
2016,Savanes,riz_paddy,310.9,518.2,0.5182,599.9614048629873
2017,Savanes,riz_paddy,312.4,520.7,0.5207,599.9615901670827
2018,Savanes,riz_paddy,357.1,595.2,0.5952000000000001,599.9663978494623
2019,Savanes,riz_paddy,336.4,560.6,0.5606,600.0713521227257
2020,Savanes,riz_paddy,358.7,597.8,0.5978,600.0334560053531
2021,Savanes,riz_paddy,393.9,656.6,0.6566000000000001,599.9086201644836
2022,Savanes,riz_paddy,366.7,611.2,0.6112000000000001,599.9672774869109
2023,Savanes,riz_paddy,384.0,640.1,0.6401,599.906264646149
2024,Savanes,riz_paddy,409.1,681.9,0.6819,599.9413403724886
2025,Savanes,riz_paddy,400.8,668.0,0.668,600.0
2026,Savanes,riz_paddy,399.5,665.9,0.6658999999999999,599.9399309205587
2027,Savanes,riz_paddy,399.9,666.6,0.6666,599.9099909990999
2028,Savanes,riz_paddy,453.6,756.0,0.756,600.0
2029,Savanes,riz_paddy,470.2,783.6,0.7836000000000001,600.0510464522715
2030,Savanes,riz_paddy,482.5,804.2,0.8042,599.9751305645361
2015,Savanes,sorgho,205.4,342.3,0.3423,600.0584282792871
2016,Savanes,sorgho,230.5,384.1,0.3841,600.1041395469929
2017,Savanes,sorgho,217.7,362.9,0.3629,599.889776798016
2018,Savanes,sorgho,228.9,381.5,0.3815,600.0
2019,Savanes,sorgho,234.4,390.7,0.3907,599.9488098285129
2020,Savanes,sorgho,237.1,395.2,0.3952,599.9493927125507
2021,Savanes,sorgho,263.8,439.7,0.4397,599.9545144416647
2022,Savanes,sorgho,249.9,416.6,0.4166,599.8559769563129
2023,Savanes,sorgho,262.8,438.1,0.43810000000000004,599.8630449669025
2024,Savanes,sorgho,268.5,447.4,0.44739999999999996,600.134108180599
2025,Savanes,sorgho,289.4,482.3,0.4823,600.0414679659963
2026,Savanes,sorgho,281.7,469.6,0.4696,599.8722316865417
2027,Savanes,sorgho,284.0,473.3,0.4733,600.0422564969364
2028,Savanes,sorgho,320.9,534.9,0.5348999999999999,599.9252196672276
2029,Savanes,sorgho,332.1,553.4,0.5534,600.1084206722082
2030,Savanes,sorgho,319.2,532.0,0.532,600.0
2015,Savanes,mil,246.7,411.2,0.4112,599.9513618677043
2016,Savanes,mil,264.5,440.8,0.4408,600.0453720508167
2017,Savanes,mil,240.8,401.4,0.4014,599.9003487792726
2018,Savanes,mil,252.7,421.2,0.42119999999999996,599.9525166191833
2019,Savanes,mil,275.7,459.5,0.4595,600.0
2020,Savanes,mil,287.7,479.4,0.4794,600.125156445557
2021,Savanes,mil,270.0,450.0,0.45,600.0
2022,Savanes,mil,273.8,456.4,0.4564,599.9123575810693
2023,Savanes,mil,322.3,537.2,0.5372,599.9627699180937
2024,Savanes,mil,316.4,527.3,0.5273,600.0379290726343
2025,Savanes,mil,294.2,490.4,0.4904,599.9184339314845
2026,Savanes,mil,324.3,540.5,0.5405,600.0
2027,Savanes,mil,352.8,588.0,0.588,600.0
2028,Savanes,mil,337.4,562.4,0.5624,599.9288762446657
2029,Savanes,mil,369.0,614.9,0.6149,600.0975768417629
2030,Savanes,mil,382.5,637.6,0.6376000000000001,599.9058971141782
2015,Savanes,manioc,132.5,220.9,0.2209,599.818922589407
2016,Savanes,manioc,145.7,242.9,0.2429,599.8353231782627
2017,Savanes,manioc,147.8,246.3,0.24630000000000002,600.0812017864392
2018,Savanes,manioc,159.7,266.2,0.2662,599.9248685199099
2019,Savanes,manioc,165.2,275.3,0.2753,600.0726480203414
2020,Savanes,manioc,165.3,275.5,0.2755,600.0
2021,Savanes,manioc,154.9,258.2,0.2582,599.9225406661503
2022,Savanes,manioc,177.2,295.3,0.2953,600.0677277345072
2023,Savanes,manioc,168.1,280.2,0.2802,599.9286224125625
2024,Savanes,manioc,179.7,299.5,0.2995,600.0
2025,Savanes,manioc,195.2,325.4,0.32539999999999997,599.8770743700062
2026,Savanes,manioc,179.0,298.4,0.2984,599.8659517426274
2027,Savanes,manioc,179.8,299.7,0.29969999999999997,599.9332665999333
2028,Savanes,manioc,212.1,353.5,0.3535,600.0
2029,Savanes,manioc,186.9,311.4,0.31139999999999995,600.1926782273604
2030,Savanes,manioc,201.0,335.0,0.335,600.0
2015,Savanes,igname,216.7,361.2,0.36119999999999997,599.9446290143965
2016,Savanes,igname,213.5,355.9,0.3559,599.8876088788986
2017,Savanes,igname,236.4,393.9,0.3939,600.1523229246002
2018,Savanes,igname,247.1,411.8,0.4118,600.0485672656629
2019,Savanes,igname,228.9,381.5,0.3815,600.0
2020,Savanes,igname,261.3,435.6,0.43560000000000004,599.8622589531681
2021,Savanes,igname,247.2,412.0,0.412,600.0
2022,Savanes,igname,256.4,427.4,0.4274,599.9064108563406
2023,Savanes,igname,253.1,421.8,0.4218,600.0474158368895
2024,Savanes,igname,279.7,466.2,0.4662,599.9570999571
2025,Savanes,igname,299.9,499.8,0.4998,600.0400160064025
2026,Savanes,igname,299.6,499.3,0.4993,600.0400560785099
2027,Savanes,igname,282.2,470.3,0.4703,600.0425260472039
2028,Savanes,igname,290.8,484.7,0.48469999999999996,599.9587373633175
2029,Savanes,igname,295.3,492.1,0.49210000000000004,600.0812842918106
2030,Savanes,igname,304.3,507.2,0.5072,599.9605678233438
2015,Savanes,soja,264.0,440.0,0.44,600.0
2016,Savanes,soja,236.2,393.6,0.3936,600.1016260162602
2017,Savanes,soja,278.7,464.5,0.4645,600.0
2018,Savanes,soja,266.0,443.3,0.4433,600.0451161741485
2019,Savanes,soja,266.8,444.7,0.4447,599.9550258601305
2020,Savanes,soja,276.4,460.7,0.4607,599.9565878011722
2021,Savanes,soja,306.2,510.3,0.5103,600.0391926317852
2022,Savanes,soja,290.4,484.0,0.484,600.0
2023,Savanes,soja,311.5,519.2,0.5192,599.9614791987673
2024,Savanes,soja,319.5,532.5,0.5325,600.0
2025,Savanes,soja,331.8,552.9,0.5529,600.1085187194791
2026,Savanes,soja,319.6,532.7,0.5327000000000001,599.9624554158062
2027,Savanes,soja,368.3,613.8,0.6137999999999999,600.0325839035517
2028,Savanes,soja,353.6,589.3,0.5892999999999999,600.0339385711862
2029,Savanes,soja,356.1,593.5,0.5935,600.0
2030,Savanes,soja,349.0,581.7,0.5817,599.9656180161595
2015,Savanes,arachide,356.9,594.8,0.5948,600.0336247478144
2016,Savanes,arachide,335.7,559.6,0.5596,599.8927805575411
2017,Savanes,arachide,370.1,616.9,0.6169,599.9351596693143
2018,Savanes,arachide,400.3,667.2,0.6672,599.9700239808153
2019,Savanes,arachide,410.8,684.7,0.6847000000000001,599.9707901270629
2020,Savanes,arachide,425.0,708.3,0.7082999999999999,600.0282366229
2021,Savanes,arachide,409.8,683.0,0.683,600.0
2022,Savanes,arachide,452.1,753.5,0.7535,600.0
2023,Savanes,arachide,413.1,688.5,0.6885,600.0
2024,Savanes,arachide,437.4,729.0,0.729,600.0
2025,Savanes,arachide,433.6,722.7,0.7227,599.9723259997232
2026,Savanes,arachide,469.8,783.1,0.7831,599.9233814327672
2027,Savanes,arachide,503.2,838.6,0.8386,600.0476985451944
2028,Savanes,arachide,497.9,829.9,0.8299,599.951801421858
2029,Savanes,arachide,503.8,839.7,0.8397,599.9761819697511
2030,Savanes,arachide,502.3,837.2,0.8372,599.976110845676
2015,Savanes,palme,97.8,162.9,0.16290000000000002,600.3683241252302
2016,Savanes,palme,98.1,163.5,0.1635,600.0
2017,Savanes,palme,103.4,172.4,0.1724,599.7679814385151
2018,Savanes,palme,102.8,171.4,0.1714,599.7666277712952
2019,Savanes,palme,110.9,184.9,0.1849,599.7836668469442
2020,Savanes,palme,111.0,185.0,0.185,600.0
2021,Savanes,palme,115.0,191.7,0.19169999999999998,599.8956703182056
2022,Savanes,palme,122.6,204.4,0.2044,599.8043052837573
2023,Savanes,palme,117.8,196.3,0.1963,600.1018848700968
2024,Savanes,palme,124.9,208.1,0.2081,600.1922152811148
2025,Savanes,palme,113.3,188.8,0.18880000000000002,600.1059322033898
2026,Savanes,palme,117.3,195.5,0.1955,600.0
2027,Savanes,palme,131.7,219.6,0.2196,599.7267759562842
2028,Savanes,palme,138.1,230.1,0.2301,600.1738374619731
2029,Savanes,palme,124.8,208.0,0.208,600.0
2030,Savanes,palme,133.1,221.8,0.22180000000000002,600.0901713255184
2015,Savanes,coton,272.0,453.3,0.45330000000000004,600.044120891242
2016,Savanes,coton,269.3,448.8,0.44880000000000003,600.0445632798574
2017,Savanes,coton,291.3,485.4,0.4854,600.123609394314
2018,Savanes,coton,266.5,444.1,0.44410000000000005,600.0900698040981
2019,Savanes,coton,273.7,456.2,0.4562,599.956159579132
2020,Savanes,coton,299.0,498.3,0.4983,600.0401364639775
2021,Savanes,coton,326.8,544.6,0.5446,600.0734484024972
2022,Savanes,coton,331.1,551.9,0.5519,599.9275231020113
2023,Savanes,coton,310.5,517.5,0.5175,600.0
2024,Savanes,coton,360.6,601.0,0.601,600.0
2025,Savanes,coton,346.2,577.1,0.5771000000000001,599.8960318835557
2026,Savanes,coton,367.6,612.6,0.6126,600.0652954619653
2027,Savanes,coton,357.0,595.0,0.595,600.0
2028,Savanes,coton,370.8,618.1,0.6181,599.9029283287493
2029,Savanes,coton,412.4,687.4,0.6874,599.9418097177771
2030,Savanes,coton,361.5,602.6,0.6026,599.9004314636575
2015,Savanes,noix_de_cajou,358.2,597.0,0.597,600.0
2016,Savanes,noix_de_cajou,413.6,689.3,0.6892999999999999,600.0290149426955
2017,Savanes,noix_de_cajou,388.6,647.7,0.6477,599.9691215068705
2018,Savanes,noix_de_cajou,412.3,687.1,0.6871,600.0582156891282
2019,Savanes,noix_de_cajou,437.3,728.8,0.7288,600.0274423710209
2020,Savanes,noix_de_cajou,425.9,709.9,0.7099,599.9436540357797
2021,Savanes,noix_de_cajou,494.9,824.8,0.8248,600.0242483026188
2022,Savanes,noix_de_cajou,453.4,755.7,0.7557,599.9735344713511
2023,Savanes,noix_de_cajou,463.0,771.7,0.7717,599.9740831929506
2024,Savanes,noix_de_cajou,503.8,839.7,0.8397,599.9761819697511
2025,Savanes,noix_de_cajou,513.6,856.0,0.856,600.0
2026,Savanes,noix_de_cajou,535.4,892.4,0.8924,599.9551770506499
2027,Savanes,noix_de_cajou,540.7,901.1,0.9011,600.044390189768
2028,Savanes,noix_de_cajou,513.1,855.2,0.8552000000000001,599.976613657624
2029,Savanes,noix_de_cajou,594.1,990.2,0.9902000000000001,599.9798020601899
2030,Savanes,noix_de_cajou,584.0,973.3,0.9732999999999999,600.0205486489264
2015,Savanes,café,713.0,1188.4,1.1884000000000001,599.9663412992259
2016,Savanes,café,709.7,1182.9,1.1829,599.9661848000676
2017,Savanes,café,730.3,1217.2,1.2172,599.983568846533
2018,Savanes,café,767.6,1279.3,1.2792999999999999,600.0156335495975
2019,Savanes,café,806.2,1343.7,1.3437000000000001,599.9851157252363
2020,Savanes,café,811.9,1353.2,1.3532,599.9852202187408
2021,Savanes,café,814.1,1356.8,1.3568,600.0147405660377
2022,Savanes,café,830.7,1384.5,1.3845,600.0
2023,Savanes,café,931.7,1552.9,1.5529000000000002,599.9742417412583
2024,Savanes,café,885.4,1475.7,1.4757,599.9864471098462
2025,Savanes,café,948.8,1581.4,1.5814000000000001,599.9747059567471
2026,Savanes,café,941.2,1568.7,1.5687,599.9872505896602
2027,Savanes,café,1028.7,1714.6,1.7146,599.9650064154905
2028,Savanes,café,1001.7,1669.5,1.6695,600.0
2029,Savanes,café,1043.1,1738.5,1.7385,599.9999999999999
2030,Savanes,café,1021.7,1702.8,1.7027999999999999,600.0117453605826
2015,Savanes,cacao,901.0,1501.7,1.5017,599.9866817606712
2016,Savanes,cacao,1012.9,1688.1,1.6881,600.0236952787158
2017,Savanes,cacao,997.9,1663.2,1.6632,599.987974987975
2018,Savanes,cacao,1084.3,1807.1,1.8071,600.0221349122904
2019,Savanes,cacao,978.8,1631.3,1.6313,600.0122601606081
2020,Savanes,cacao,1129.7,1882.9,1.8829,599.9787561739869
2021,Savanes,cacao,1189.9,1983.2,1.9832,599.9899152884227
2022,Savanes,cacao,1153.7,1922.9,1.9229,599.979198086224
2023,Savanes,cacao,1137.8,1896.3,1.8962999999999999,600.0105468544007
2024,Savanes,cacao,1216.9,2028.2,2.0282,599.9901390395424
2025,Savanes,cacao,1181.1,1968.6,1.9686,599.9695214873515
2026,Savanes,cacao,1215.0,2025.0,2.025,600.0
2027,Savanes,cacao,1275.6,2126.0,2.126,600.0
2028,Savanes,cacao,1270.5,2117.5,2.1175,600.0
2029,Savanes,cacao,1408.6,2347.6,2.3476,600.0170386777986
2030,Savanes,cacao,1323.4,2205.6,2.2056,600.0181356546972
